1567,18802,Jonell,Dani,JonellDani@yourCryptoExperts.com
1568,18802,Veronique,Killbey,VeroniqueKillbey@yourCryptoExperts.com
1569,18802,Damian,Portt,DamianPortt@yourCryptoExperts.com
1570,18802,Esteban,Pitcaithly,EstebanPitcaithly@yourCryptoExperts.com
1571,18802,Craig,Cleverley,CraigCleverley@yourCryptoExperts.com
1572,18808,Chancey,Treend,ChanceyTreend@yourCryptoExperts.com
1573,18808,Roxi,Golston,RoxiGolston@yourCryptoExperts.com
1574,18808,Tomlin,Espadater,TomlinEspadater@yourCryptoExperts.com
1575,18808,Trever,Olivo,TreverOlivo@yourCryptoExperts.com
1576,18808,Susan,Shoreman,SusanShoreman@yourCryptoExperts.com
1577,18871,Dorolice,Symson,DoroliceSymson@yourCryptoExperts.com
1578,18871,Faunie,Semmens,FaunieSemmens@yourCryptoExperts.com
1579,18871,Alys,Easterling,AlysEasterling@yourCryptoExperts.com
1580,18871,Elinor,MacConneely,ElinorMacConneely@yourCryptoExperts.com
1581,18871,Rowney,Bartolomeoni,RowneyBartolomeoni@yourCryptoExperts.com
1582,18825,Zsazsa,Ludman,ZsazsaLudman@yourCryptoExperts.com
1583,18825,Giacopo,Learoid,GiacopoLearoid@yourCryptoExperts.com
1584,18825,Nollie,Dyble,NollieDyble@yourCryptoExperts.com
1585,18825,Donnell,Senogles,DonnellSenogles@yourCryptoExperts.com
1586,18825,Giordano,Gresley,GiordanoGresley@yourCryptoExperts.com
1587,18813,Chadd,Acaster,ChaddAcaster@yourCryptoExperts.com
1588,18813,Niki,Streight,NikiStreight@yourCryptoExperts.com
1589,18813,Roxy,Martellini,RoxyMartellini@yourCryptoExperts.com
1590,18813,Dallon,Kenaway,DallonKenaway@yourCryptoExperts.com
1591,18813,Simeon,Fazakerley,SimeonFazakerley@yourCryptoExperts.com
1592,18810,Mavis,Dran,MavisDran@yourCryptoExperts.com
1593,18810,Carol,Abrahim,CarolAbrahim@yourCryptoExperts.com
1594,18810,Elysha,Swainson,ElyshaSwainson@yourCryptoExperts.com
1595,18810,Kathye,Lindborg,KathyeLindborg@yourCryptoExperts.com
1596,18810,Wallis,Tenbrug,WallisTenbrug@yourCryptoExperts.com
1597,18812,Bennie,Burner,BennieBurner@yourCryptoExperts.com
1598,18812,Douglass,Merriott,DouglassMerriott@yourCryptoExperts.com
1599,18812,Kermie,Riddall,KermieRiddall@yourCryptoExperts.com
1600,18812,Reed,Badland,ReedBadland@yourCryptoExperts.com
1601,18812,Dulci,Dunsire,DulciDunsire@yourCryptoExperts.com
1602,18837,Diann,Cannovane,DiannCannovane@yourCryptoExperts.com
1603,18837,Mariana,Reeves,MarianaReeves@yourCryptoExperts.com
1604,18837,Krissy,Byard,KrissyByard@yourCryptoExperts.com
1605,18837,Betty,Bramo,BettyBramo@yourCryptoExperts.com
1606,18837,Cindi,Marston,CindiMarston@yourCryptoExperts.com
1607,18809,Lorettalorna,Natte,LorettalornaNatte@yourCryptoExperts.com
1608,18809,Benedetto,Christer,BenedettoChrister@yourCryptoExperts.com
1609,18809,Veronica,Scurr,VeronicaScurr@yourCryptoExperts.com
1610,18809,Ransell,Woodrough,RansellWoodrough@yourCryptoExperts.com
1611,18809,Zuzana,Herries,ZuzanaHerries@yourCryptoExperts.com
1612,18863,Lauri,Coleby,LauriColeby@yourCryptoExperts.com
1613,18863,Myrtice,Bowne,MyrticeBowne@yourCryptoExperts.com
1614,18863,Jana,Pawlicki,JanaPawlicki@yourCryptoExperts.com
1615,18863,Hank,Ivashkin,HankIvashkin@yourCryptoExperts.com
1616,18863,Nonna,Burns,NonnaBurns@yourCryptoExperts.com
